{"game_data":{"game":{"boardState":["story","tests","","","",""],"currentRowIndex":2,"dayOffset":554,"id":2257,"status":"IN_PROGRESS","timestamps":{"lastCompleted":null,"lastPlayed":1672033427466}},"settings":{"colorblindMode":false,"darkMode":true,"hardMode":false},"stats":{"averageGuesses":0,"currentStreak":0,"gamesPlayed":0,"gamesWon":0,"guesses":{"1":0,"2":0,"3":0,"4":0,"5":0,"6":0,"fail":0},"hasPlayed":true,"isOnStreak":false,"maxStreak":0,"winPercentage":0}},"puzzle_id":"1","game":"wordle","user_id":204705362,"version":"1672033427","timestamp":1672033427,"schema_version":"0.2.0"}